DailyMed,DrugBank
http://dailymed.nlm.nih.gov/dailymed/lookup.cfm?setid=4e338e89-3cf2-48eb-b6e2-a06c608c6513,http://www.drugbank.ca/drugs/DB05812
https://dailymed.nlm.nih.gov/dailymed/drugInfo.cfm?setid=23f3c1f4-0fc8-4804-a9e3-04cf25dd302e,http://www.drugbank.ca/drugs/DB05773
http://dailymed.nlm.nih.gov/dailymed/drugInfo.cfm?setid=fd638e5e-8032-e7ca-0179-95e96ab5d387,http://www.drugbank.ca/drugs/DB08916
https://dailymed.nlm.nih.gov/dailymed/search.cfm?labeltype=all&query=altretamine,http://www.drugbank.ca/drugs/DB00488
,http://www.drugbank.ca/drugs/DB00276
https://dailymed.nlm.nih.gov/dailymed/search.cfm?labeltype=all&query=anastrozole,http://www.drugbank.ca/drugs/DB01217
http://dailymed.nlm.nih.gov/dailymed/lookup.cfm?setid=dec51fab-3784-deb7-752f-2d4d5692a20f,http://www.drugbank.ca/drugs/DB01169
http://dailymed.nlm.nih.gov/dailymed/search.cfm?labeltype=all&query=axitinib,http://www.drugbank.ca/drugs/DB06626
https://dailymed.nlm.nih.gov/dailymed/search.cfm?labeltype=all&query=azacitidine,http://www.drugbank.ca/drugs/DB00928
https://dailymed.nlm.nih.gov/dailymed/search.cfm?labeltype=all&query=bcg,
http://dailymed.nlm.nih.gov/dailymed/drugInfo.cfm?setid=84b2e16e-f0d1-4757-8da8-79dfa83aab79,http://www.drugbank.ca/drugs/DB05015
http://dailymed.nlm.nih.gov/dailymed/lookup.cfm?setid=39d53698-57fa-7c99-fc5b-f52a55684826,http://www.drugbank.ca/drugs/DB06769
https://dailymed.nlm.nih.gov/dailymed/search.cfm?labeltype=all&query=bexarotene,http://www.drugbank.ca/drugs/DB00307
https://dailymed.nlm.nih.gov/dailymed/search.cfm?labeltype=all&query=bicalutamide,http://www.drugbank.ca/drugs/DB01128
https://dailymed.nlm.nih.gov/dailymed/search.cfm?labeltype=all&query=bleomycin,http://www.drugbank.ca/drugs/DB00290
http://dailymed.nlm.nih.gov/dailymed/lookup.cfm?setid=1521d321-e724-4ffc-adad-34bf4f44fac7,http://www.drugbank.ca/drugs/DB00188
https://dailymed.nlm.nih.gov/dailymed/search.cfm?labeltype=all&query=bosutinib,http://www.drugbank.ca/drugs/DB06616
http://dailymed.nlm.nih.gov/dailymed/lookup.cfm?setid=3904f8dd-1aef-3490-e48f-bd55f32ed67f,http://www.drugbank.ca/drugs/DB08870
https://dailymed.nlm.nih.gov/dailymed/search.cfm?labeltype=all&query=busulfan,http://www.drugbank.ca/drugs/DB01008
http://dailymed.nlm.nih.gov/dailymed/lookup.cfm?setid=de3d9c26-572b-4ea4-9b2d-dd58a2b3e8fa,http://www.drugbank.ca/drugs/DB06772
http://dailymed.nlm.nih.gov/dailymed/drugInfo.cfm?setid=1a0c3bea-c87b-4d25-bb44-5f0174da6b34,http://www.drugbank.ca/drugs/DB08875
https://dailymed.nlm.nih.gov/dailymed/search.cfm?labeltype=all&query=capecitabine,http://www.drugbank.ca/drugs/DB01101
https://dailymed.nlm.nih.gov/dailymed/search.cfm?labeltype=all&query=carboplatin,http://www.drugbank.ca/drugs/DB00958
http://dailymed.nlm.nih.gov/dailymed/drugInfo.cfm?setid=ea66eb30-e665-4693-99a1-a9d3b4bbe2d6,http://www.drugbank.ca/drugs/DB08889
https://dailymed.nlm.nih.gov/dailymed/search.cfm?labeltype=all&query=carmustine,http://www.drugbank.ca/drugs/DB00262
https://dailymed.nlm.nih.gov/dailymed/search.cfm?labeltype=all&query=chlorambucil,http://www.drugbank.ca/drugs/DB00291
https://dailymed.nlm.nih.gov/dailymed/search.cfm?labeltype=all&query=chlorambucil,http://www.drugbank.ca/drugs/DB00515
https://dailymed.nlm.nih.gov/dailymed/search.cfm?labeltype=all&query=cladribine,http://www.drugbank.ca/drugs/DB00242
https://dailymed.nlm.nih.gov/dailymed/search.cfm?labeltype=all&query=clofarabine,http://www.drugbank.ca/drugs/DB00631
http://dailymed.nlm.nih.gov/dailymed/lookup.cfm?setid=2a51b0de-47d6-455e-a94c-d2c737b04ff7,http://www.drugbank.ca/drugs/DB08865
https://dailymed.nlm.nih.gov/dailymed/search.cfm?labeltype=all&query=cyclophosphamide,http://www.drugbank.ca/drugs/DB00531
https://dailymed.nlm.nih.gov/dailymed/search.cfm?labeltype=all&query=cytarabine,http://www.drugbank.ca/drugs/DB00987
http://dailymed.nlm.nih.gov/dailymed/drugInfo.cfm?setid=803beaaa-33f9-48cc-9a95-c2e887e095b4,http://www.drugbank.ca/drugs/DB08912
https://dailymed.nlm.nih.gov/dailymed/search.cfm?labeltype=all&query=dacarbazine,http://www.drugbank.ca/drugs/DB00851
https://dailymed.nlm.nih.gov/dailymed/drugInfo.cfm?setid=9914e793-a49c-eb00-1ab7-f606c786fe25,http://www.drugbank.ca/drugs/DB00970
https://dailymed.nlm.nih.gov/dailymed/search.cfm?labeltype=all&query=dasatinib,http://www.drugbank.ca/drugs/DB01254
https://dailymed.nlm.nih.gov/dailymed/search.cfm?labeltype=all&query=daunorubicin,http://www.drugbank.ca/drugs/DB00694
https://dailymed.nlm.nih.gov/dailymed/search.cfm?labeltype=all&query=decitabine,http://www.drugbank.ca/drugs/DB01262
https://dailymed.nlm.nih.gov/dailymed/drugInfo.cfm?setid=ab11dd8a-0fd9-4013-89ab-e114557c7e4b,http://www.drugbank.ca/drugs/DB06699
https://dailymed.nlm.nih.gov/dailymed/search.cfm?labeltype=all&query=docetaxel,http://www.drugbank.ca/drugs/DB01248
https://dailymed.nlm.nih.gov/dailymed/search.cfm?labeltype=all&query=doxorubicin,http://www.drugbank.ca/drugs/DB00997
http://dailymed.nlm.nih.gov/dailymed/drugInfo.cfm?setid=b129fdc9-1d8e-425c-a5a9-8a2ed36dfbdf,http://www.drugbank.ca/drugs/DB08899
https://dailymed.nlm.nih.gov/dailymed/search.cfm?labeltype=all&query=epirubicin,http://www.drugbank.ca/drugs/DB00445
http://dailymed.nlm.nih.gov/dailymed/lookup.cfm?setid=31ce4750-ded5-4a0b-95e9-f229fa6bc822,http://www.drugbank.ca/drugs/DB08871
https://dailymed.nlm.nih.gov/dailymed/search.cfm?labeltype=all&query=erlotinib,http://www.drugbank.ca/drugs/DB00530
http://dailymed.nlm.nih.gov/dailymed/lookup.cfm?setid=a9b01bc6-95ac-46f9-befa-d845a74d53c1,http://www.drugbank.ca/drugs/DB01196
https://dailymed.nlm.nih.gov/dailymed/search.cfm?labeltype=all&query=etoposide,http://www.drugbank.ca/drugs/DB00773
https://dailymed.nlm.nih.gov/dailymed/search.cfm?labeltype=all&query=everolimus,http://www.drugbank.ca/drugs/DB01590
https://dailymed.nlm.nih.gov/dailymed/search.cfm?labeltype=all&query=exemestane,http://www.drugbank.ca/drugs/DB00990
https://dailymed.nlm.nih.gov/dailymed/drugInfo.cfm?setid=c8edabc1-67cd-421b-a147-7c1f19f05b8e,http://www.drugbank.ca/drugs/DB00322
https://dailymed.nlm.nih.gov/dailymed/search.cfm?labeltype=all&query=fludarabine,http://www.drugbank.ca/drugs/DB01073
https://dailymed.nlm.nih.gov/dailymed/search.cfm?labeltype=all&query=fluorouracil,http://www.drugbank.ca/drugs/DB00544
https://dailymed.nlm.nih.gov/dailymed/search.cfm?labeltype=all&query=flutamide,http://www.drugbank.ca/drugs/DB00499
http://dailymed.nlm.nih.gov/dailymed/lookup.cfm?setid=83d7a440-e904-4e36-afb5-cb02b1c919f7,http://www.drugbank.ca/drugs/DB00947
https://dailymed.nlm.nih.gov/dailymed/search.cfm?labeltype=all&query=gemcitabine,http://www.drugbank.ca/drugs/DB00441
http://dailymed.nlm.nih.gov/dailymed/lookup.cfm?setid=32fd2bb2-1cfa-4250-feb8-d7956c794e05,http://www.drugbank.ca/drugs/DB00056
https://dailymed.nlm.nih.gov/dailymed/search.cfm?labeltype=all&query=goserelin,http://www.drugbank.ca/drugs/DB00014
https://dailymed.nlm.nih.gov/dailymed/search.cfm?labeltype=all&query=histrelin,http://www.drugbank.ca/drugs/DB06788
https://dailymed.nlm.nih.gov/dailymed/search.cfm?labeltype=all&query=hydroxyurea,http://www.drugbank.ca/drugs/DB01005
https://dailymed.nlm.nih.gov/dailymed/search.cfm?labeltype=all&query=idarubicin,http://www.drugbank.ca/drugs/DB01177
https://dailymed.nlm.nih.gov/dailymed/search.cfm?labeltype=all&query=ifosfamide,http://www.drugbank.ca/drugs/DB01181
https://dailymed.nlm.nih.gov/dailymed/search.cfm?labeltype=all&query=imatinib,http://www.drugbank.ca/drugs/DB00619
https://dailymed.nlm.nih.gov/dailymed/search.cfm?labeltype=all&query=irinotecan,http://www.drugbank.ca/drugs/DB00762
http://dailymed.nlm.nih.gov/dailymed/drugInfo.cfm?setid=fcef9088-ebab-4bd8-933f-c35f9c8bd50b,http://www.drugbank.ca/drugs/DB09570
http://dailymed.nlm.nih.gov/dailymed/lookup.cfm?setid=e7992f6b-279b-46a7-b9c3-fea4e17718dc,http://www.drugbank.ca/drugs/DB04845
https://dailymed.nlm.nih.gov/dailymed/search.cfm?labeltype=all&query=letrozole,http://www.drugbank.ca/drugs/DB01006
https://dailymed.nlm.nih.gov/dailymed/search.cfm?labeltype=all&query=leuprolide,http://www.drugbank.ca/drugs/DB00007
https://dailymed.nlm.nih.gov/dailymed/search.cfm?labeltype=all&query=lomustine,http://www.drugbank.ca/drugs/DB01206
https://dailymed.nlm.nih.gov/dailymed/search.cfm?labeltype=all&query=mechlorethamine,http://www.drugbank.ca/drugs/DB00888
https://dailymed.nlm.nih.gov/dailymed/search.cfm?labeltype=all&query=megestrol,http://www.drugbank.ca/drugs/DB00351
https://dailymed.nlm.nih.gov/dailymed/search.cfm?labeltype=all&query=melphalan,http://www.drugbank.ca/drugs/DB01042
https://dailymed.nlm.nih.gov/dailymed/search.cfm?labeltype=all&query=mercaptopurine,http://www.drugbank.ca/drugs/DB01033
https://dailymed.nlm.nih.gov/dailymed/search.cfm?labeltype=all&query=methotrexate,http://www.drugbank.ca/drugs/DB00563
https://dailymed.nlm.nih.gov/dailymed/search.cfm?labeltype=all&query=mitomycin,http://www.drugbank.ca/drugs/DB00305
http://dailymed.nlm.nih.gov/dailymed/lookup.cfm?setid=e9fba7d4-a0ec-4bfa-9b5b-ec97a9710fd3,http://www.drugbank.ca/drugs/DB00648
https://dailymed.nlm.nih.gov/dailymed/search.cfm?labeltype=all&query=mitoxantrone,http://www.drugbank.ca/drugs/DB01204
http://dailymed.nlm.nih.gov/dailymed/lookup.cfm?setid=893c95d7-d9b6-4064-db97-91dd21ce7e40,http://www.drugbank.ca/drugs/DB01280
http://dailymed.nlm.nih.gov/dailymed/lookup.cfm?setid=6093952a-5248-45cb-ad17-33716a411146,http://www.drugbank.ca/drugs/DB04868
http://dailymed.nlm.nih.gov/dailymed/lookup.cfm?setid=83a504ef-cf92-467d-9ecf-d251194a3484,http://www.drugbank.ca/drugs/DB04865
https://dailymed.nlm.nih.gov/dailymed/search.cfm?labeltype=all&query=oxaliplatin,http://www.drugbank.ca/drugs/DB00526
https://dailymed.nlm.nih.gov/dailymed/search.cfm?labeltype=all&query=paclitaxel,http://www.drugbank.ca/drugs/DB01229
http://dailymed.nlm.nih.gov/dailymed/drugInfo.cfm?setid=7774972a-eeaa-4b9a-9e56-3fc1b968e86a,http://www.drugbank.ca/drugs/DB06603
http://dailymed.nlm.nih.gov/dailymed/lookup.cfm?setid=f5b7b3a4-c3a4-4722-8ca5-8f6a5c622553,http://www.drugbank.ca/drugs/DB06589
http://dailymed.nlm.nih.gov/dailymed/lookup.cfm?setid=f5a860f3-37ec-429c-ae04-9c88d7c55c08,http://www.drugbank.ca/drugs/DB00642
https://dailymed.nlm.nih.gov/dailymed/search.cfm?labeltype=all&query=pentostatin,http://www.drugbank.ca/drugs/DB00552
http://dailymed.nlm.nih.gov/dailymed/drugInfo.cfm?setid=17f85d17-ab71-4f5b-9fe3-0b8c822f69ff,http://www.drugbank.ca/drugs/DB06366
,http://www.drugbank.ca/drugs/DB00236
http://dailymed.nlm.nih.gov/dailymed/drugInfo.cfm?setid=2b25ef01-5c9e-11e1-b86c-0800200c9a66,http://www.drugbank.ca/drugs/DB08910
http://dailymed.nlm.nih.gov/dailymed/drugInfo.cfm?setid=807f988e-117b-4497-934d-73aa78baac71,http://www.drugbank.ca/drugs/DB08901
http://dailymed.nlm.nih.gov/dailymed/lookup.cfm?setid=5e4cf15b-bf7b-4b83-863e-e9ef27741a51,http://www.drugbank.ca/drugs/DB06813
https://dailymed.nlm.nih.gov/dailymed/search.cfm?labeltype=all&query=procarbazine,http://www.drugbank.ca/drugs/DB01168
http://dailymed.nlm.nih.gov/dailymed/drugInfo.cfm?setid=824f19c9-0546-4a8a-8d8f-c4055c04f7c7,http://www.drugbank.ca/drugs/DB08896
https://dailymed.nlm.nih.gov/dailymed/search.cfm?labeltype=all&query=romidepsin,http://www.drugbank.ca/drugs/DB06176
http://dailymed.nlm.nih.gov/dailymed/lookup.cfm?setid=b50667e4-5ebc-4968-a646-d605058dbef0,http://www.drugbank.ca/drugs/DB00398
http://dailymed.nlm.nih.gov/dailymed/lookup.cfm?setid=15d161ed-9e7b-4c92-ba45-0556d2423e67,http://www.drugbank.ca/drugs/DB00428
http://dailymed.nlm.nih.gov/dailymed/lookup.cfm?setid=43a4d7f8-48ae-4a63-9108-2fa8e3ea9d9c,http://www.drugbank.ca/drugs/DB01268
https://dailymed.nlm.nih.gov/dailymed/search.cfm?labeltype=all&query=tamoxifen,http://www.drugbank.ca/drugs/DB00675
https://dailymed.nlm.nih.gov/dailymed/search.cfm?labeltype=all&query=temozolomide,http://www.drugbank.ca/drugs/DB00853
http://dailymed.nlm.nih.gov/dailymed/lookup.cfm?setid=95b7dc92-2180-42f1-8699-3c28f609e674,http://www.drugbank.ca/drugs/DB06287
https://dailymed.nlm.nih.gov/dailymed/drugInfo.cfm?setid=f19cf6d7-a1c8-42ec-844c-c798512139d9,http://www.drugbank.ca/drugs/DB00444
https://dailymed.nlm.nih.gov/dailymed/drugInfo.cfm?setid=4490128b-e73f-4849-9d6e-e8591639d771,http://www.drugbank.ca/drugs/DB00352
https://dailymed.nlm.nih.gov/dailymed/search.cfm?labeltype=all&query=thiotepa,http://www.drugbank.ca/drugs/DB04572
https://dailymed.nlm.nih.gov/dailymed/search.cfm?labeltype=all&query=topotecan,http://www.drugbank.ca/drugs/DB01030
https://dailymed.nlm.nih.gov/dailymed/search.cfm?labeltype=all&query=toremifene,http://www.drugbank.ca/drugs/DB00539
http://dailymed.nlm.nih.gov/dailymed/drugInfo.cfm?setid=aeaf0430-f8ad-4e72-9dbf-1954503c3410,http://www.drugbank.ca/drugs/DB08911
https://dailymed.nlm.nih.gov/dailymed/drugInfo.cfm?setid=f5beed22-d71d-4c0d-8dca-2c7317d65d85,http://www.drugbank.ca/drugs/DB00432; http://www.drugbank.ca/drugs/DB09343
https://dailymed.nlm.nih.gov/dailymed/search.cfm?labeltype=all&query=triptorelin,http://www.drugbank.ca/drugs/DB06825
http://dailymed.nlm.nih.gov/dailymed/lookup.cfm?setid=e96f30a0-6662-11de-8f80-0002a5d5c51b,http://www.drugbank.ca/drugs/DB00385
https://dailymed.nlm.nih.gov/dailymed/search.cfm?labeltype=all&query=vandetanib,http://www.drugbank.ca/drugs/DB05294
http://dailymed.nlm.nih.gov/dailymed/lookup.cfm?setid=38eea320-7e0c-485a-bc30-98c3c45e2763,http://www.drugbank.ca/drugs/DB08881
https://dailymed.nlm.nih.gov/dailymed/drugInfo.cfm?setid=f073b58e-56d6-4c8d-a2ce-b37719402d77,http://www.drugbank.ca/drugs/DB00570
https://dailymed.nlm.nih.gov/dailymed/search.cfm?labeltype=all&query=vincristine,http://www.drugbank.ca/drugs/DB00541
https://dailymed.nlm.nih.gov/dailymed/search.cfm?labeltype=all&query=vinorelbine,http://www.drugbank.ca/drugs/DB00361
http://dailymed.nlm.nih.gov/dailymed/drugInfo.cfm?setid=eb368bb6-80e3-4df9-8a85-91df0a2ada6a,http://www.drugbank.ca/drugs/DB08828
http://dailymed.nlm.nih.gov/dailymed/lookup.cfm?setid=cd86ee78-2781-468b-930c-3c4677bcc092,http://www.drugbank.ca/drugs/DB02546
http://dailymed.nlm.nih.gov/dailymed/drugInfo.cfm?setid=f6725df6-50ee-4b0a-b900-d02ba634395d,http://www.drugbank.ca/drugs/DB08885
https://dailymed.nlm.nih.gov/dailymed/search.cfm?labeltype=all&query=abacavir,http://www.drugbank.ca/drugs/DB01048
https://dailymed.nlm.nih.gov/dailymed/archives/index.cfm?query=alefacept&date=,http://www.drugbank.ca/drugs/DB00092
https://dailymed.nlm.nih.gov/dailymed/search.cfm?labeltype=all&query=apomorphine,http://www.drugbank.ca/drugs/DB00714
https://dailymed.nlm.nih.gov/dailymed/search.cfm?labeltype=all&query=azathioprine,http://www.drugbank.ca/drugs/DB00993
https://dailymed.nlm.nih.gov/dailymed/search.cfm?labeltype=all&query=carbamazepine,http://www.drugbank.ca/drugs/DB00564
https://dailymed.nlm.nih.gov/dailymed/search.cfm?labeltype=all&query=chloramphenicol,http://www.drugbank.ca/drugs/DB00446
https://dailymed.nlm.nih.gov/dailymed/search.cfm?labeltype=all&query=cidofovir,http://www.drugbank.ca/drugs/DB00369
https://dailymed.nlm.nih.gov/dailymed/search.cfm?labeltype=all&query=cyclosporine,http://www.drugbank.ca/drugs/DB00091
https://dailymed.nlm.nih.gov/dailymed/search.cfm?labeltype=all&query=deferiprone,http://www.drugbank.ca/drugs/DB08826
https://dailymed.nlm.nih.gov/dailymed/search.cfm?labeltype=all&query=dexrazoxane,http://www.drugbank.ca/drugs/DB00380
,http://www.drugbank.ca/drugs/DB00255
https://dailymed.nlm.nih.gov/dailymed/search.cfm?labeltype=all&query=divalproex,http://www.drugbank.ca/drugs/DB00313
http://dailymed.nlm.nih.gov/dailymed/lookup.cfm?setid=046e61c9-9298-4b2e-b76e-b26b81fecd20,http://www.drugbank.ca/drugs/DB00442
https://dailymed.nlm.nih.gov/dailymed/search.cfm?labeltype=all&query=estradiol,http://www.drugbank.ca/drugs/DB00783
https://dailymed.nlm.nih.gov/dailymed/search.cfm?labeltype=all&query=estradiol,
https://dailymed.nlm.nih.gov/dailymed/search.cfm?labeltype=all&query=estrogen,http://www.drugbank.ca/drugs/DB00286
https://dailymed.nlm.nih.gov/dailymed/search.cfm?labeltype=all&query=estrogen,http://www.drugbank.ca/drugs/DB09381
https://dailymed.nlm.nih.gov/dailymed/search.cfm?labeltype=all&query=estropipate,http://www.drugbank.ca/drugs/DB04574
http://dailymed.nlm.nih.gov/dailymed/lookup.cfm?setid=cc9e1c8c-0e2b-44e2-878b-27057f786be9,http://www.drugbank.ca/drugs/DB08868
https://dailymed.nlm.nih.gov/dailymed/search.cfm?labeltype=all&query=fluoxymesterone,http://www.drugbank.ca/drugs/DB01185
https://dailymed.nlm.nih.gov/dailymed/search.cfm?labeltype=all&query=fosphenytoin,http://www.drugbank.ca/drugs/DB01320
https://dailymed.nlm.nih.gov/dailymed/search.cfm?labeltype=all&query=ganciclovir,http://www.drugbank.ca/drugs/DB01004
https://dailymed.nlm.nih.gov/dailymed/search.cfm?labeltype=all&query=leflunomide,http://www.drugbank.ca/drugs/DB01097
http://dailymed.nlm.nih.gov/dailymed/lookup.cfm?setid=5fa97bf5-28a2-48f1-8955-f56012d296be,http://www.drugbank.ca/drugs/DB00480
https://dailymed.nlm.nih.gov/dailymed/search.cfm?labeltype=all&query=liraglutide,http://www.drugbank.ca/drugs/DB06655
https://dailymed.nlm.nih.gov/dailymed/search.cfm?labeltype=all&query=medroxyprogesterone,http://www.drugbank.ca/drugs/DB00603
https://dailymed.nlm.nih.gov/dailymed/search.cfm?labeltype=all&query=methimazole,http://www.drugbank.ca/drugs/DB00763
http://dailymed.nlm.nih.gov/dailymed/drugInfo.cfm?setid=34de65be-f110-4000-a0f1-cb00ec98658f,http://www.drugbank.ca/drugs/DB05528
https://dailymed.nlm.nih.gov/dailymed/search.cfm?labeltype=all&query=mycophenolate+mofetil,http://www.drugbank.ca/drugs/DB00688
https://dailymed.nlm.nih.gov/dailymed/search.cfm?labeltype=all&query=mycophenolic+acid,http://www.drugbank.ca/drugs/DB01024
https://dailymed.nlm.nih.gov/dailymed/search.cfm?labeltype=all&query=nevirapine,http://www.drugbank.ca/drugs/DB00238
http://dailymed.nlm.nih.gov/dailymed/drugInfo.cfm?setid=8462d6ab-e3cd-4efa-a360-75bf8f917287,http://www.drugbank.ca/drugs/DB04938
https://dailymed.nlm.nih.gov/dailymed/search.cfm?labeltype=all&query=oxcarbazepine,http://www.drugbank.ca/drugs/DB00776
https://dailymed.nlm.nih.gov/dailymed/drugInfo.cfm?setid=426f6e64-2c20-4a61-6d65-7320426f6e64,http://www.drugbank.ca/drugs/DB00039
https://dailymed.nlm.nih.gov/dailymed/search.cfm?labeltype=all&query=paliperidone,http://www.drugbank.ca/drugs/DB01267
https://dailymed.nlm.nih.gov/dailymed/search.cfm?labeltype=all&query=phenoxybenzamine,http://www.drugbank.ca/drugs/DB00925
https://dailymed.nlm.nih.gov/dailymed/search.cfm?labeltype=all&query=phenytoin,http://www.drugbank.ca/drugs/DB00252
https://dailymed.nlm.nih.gov/dailymed/search.cfm?labeltype=all&query=progesterone,http://www.drugbank.ca/drugs/DB00396
https://dailymed.nlm.nih.gov/dailymed/search.cfm?labeltype=all&query=PROGESTIN+%5BESTABLISHED+PHARMACOLOGIC+CLASS%5D,
https://dailymed.nlm.nih.gov/dailymed/search.cfm?labeltype=all&query=propylthiouracil,http://www.drugbank.ca/drugs/DB00550
https://dailymed.nlm.nih.gov/dailymed/search.cfm?labeltype=all&query=raloxifene,http://www.drugbank.ca/drugs/DB00481
https://dailymed.nlm.nih.gov/dailymed/search.cfm?labeltype=all&query=rasagiline,http://www.drugbank.ca/drugs/DB01367
https://dailymed.nlm.nih.gov/dailymed/search.cfm?labeltype=all&query=risperidone,http://www.drugbank.ca/drugs/DB00734
https://dailymed.nlm.nih.gov/dailymed/search.cfm?labeltype=all&query=sirolimus,http://www.drugbank.ca/drugs/DB00877
https://dailymed.nlm.nih.gov/dailymed/search.cfm?labeltype=all&query=spironolactone,http://www.drugbank.ca/drugs/DB00421
https://dailymed.nlm.nih.gov/dailymed/search.cfm?labeltype=all&query=tacrolimus,http://www.drugbank.ca/drugs/DB00864
http://dailymed.nlm.nih.gov/dailymed/drugInfo.cfm?setid=4650d12c-b9c8-4525-b07f-a2d773eca155,http://www.drugbank.ca/drugs/DB08880
https://dailymed.nlm.nih.gov/dailymed/search.cfm?labeltype=all&query=thalidomide,http://www.drugbank.ca/drugs/DB01041
http://dailymed.nlm.nih.gov/dailymed/search.cfm?labeltype=all&query=tofacitinib,http://www.drugbank.ca/drugs/DB08895
,http://www.drugbank.ca/drugs/DB00791
https://dailymed.nlm.nih.gov/dailymed/search.cfm?labeltype=all&query=valganciclovir,http://www.drugbank.ca/drugs/DB01610
https://dailymed.nlm.nih.gov/dailymed/search.cfm?labeltype=all&query=zidovudine,http://www.drugbank.ca/drugs/DB00495
https://dailymed.nlm.nih.gov/dailymed/search.cfm?labeltype=all&query=acitretin,http://www.drugbank.ca/drugs/DB00459
https://dailymed.nlm.nih.gov/dailymed/search.cfm?labeltype=all&query=alitretinoin,http://www.drugbank.ca/drugs/DB00523
http://dailymed.nlm.nih.gov/dailymed/lookup.cfm?setid=725d4e73-6c83-477a-adc6-0ae4a133a844,http://www.drugbank.ca/drugs/DB06403
http://dailymed.nlm.nih.gov/dailymed/lookup.cfm?setid=749e42fb-2fe0-45dd-9268-b43bb3f4081c,http://www.drugbank.ca/drugs/DB00559
https://dailymed.nlm.nih.gov/dailymed/search.cfm?labeltype=all&query=cabergoline,http://www.drugbank.ca/drugs/DB00248
http://dailymed.nlm.nih.gov/dailymed/lookup.cfm?setid=aca7768e-28a7-4027-b1d8-e66247665f79,http://www.drugbank.ca/drugs/DB00050
https://dailymed.nlm.nih.gov/dailymed/search.cfm?labeltype=all&query=choriogonadotropin,http://www.drugbank.ca/drugs/DB00097
http://dailymed.nlm.nih.gov/dailymed/search.cfm?labeltype=all&query=clomiphene,http://www.drugbank.ca/drugs/DB00882
https://dailymed.nlm.nih.gov/dailymed/search.cfm?labeltype=all&query=clonazepam,http://www.drugbank.ca/drugs/DB01068
https://dailymed.nlm.nih.gov/dailymed/search.cfm?labeltype=all&query=colchicine,http://www.drugbank.ca/drugs/DB01394
https://dailymed.nlm.nih.gov/dailymed/search.cfm?labeltype=all&query=dinoprostone,http://www.drugbank.ca/drugs/DB00917
https://dailymed.nlm.nih.gov/dailymed/search.cfm?labeltype=all&query=dronedarone,http://www.drugbank.ca/drugs/DB04855
https://dailymed.nlm.nih.gov/dailymed/search.cfm?labeltype=all&query=dutasteride,http://www.drugbank.ca/drugs/DB01126
http://dailymed.nlm.nih.gov/dailymed/drugInfo.cfm?setid=3d0c9554-eaeb-4694-8089-00133fcadce3,http://www.drugbank.ca/drugs/DB09119
https://dailymed.nlm.nih.gov/dailymed/search.cfm?labeltype=all&query=ergonovine,http://www.drugbank.ca/drugs/DB01253; http://www.drugbank.ca/drugs/DB00353
https://dailymed.nlm.nih.gov/dailymed/search.cfm?labeltype=all&query=finasteride,http://www.drugbank.ca/drugs/DB01216
https://dailymed.nlm.nih.gov/dailymed/search.cfm?labeltype=all&query=fluconazole,http://www.drugbank.ca/drugs/DB00196
http://dailymed.nlm.nih.gov/dailymed/lookup.cfm?setid=96118395-557e-4998-842d-424a59d574b6,http://www.drugbank.ca/drugs/DB06785
http://dailymed.nlm.nih.gov/dailymed/lookup.cfm?setid=f93b2baa-03ac-4650-b35a-20b818d712d6,http://www.drugbank.ca/drugs/DB00097
http://dailymed.nlm.nih.gov/dailymed/lookup.cfm?setid=ed6657ca-ab68-477a-9968-e12dc928b540,http://www.drugbank.ca/drugs/DB06196
http://dailymed.nlm.nih.gov/dailymed/drugInfo.cfm?setid=e4c45bb5-15f4-437e-ab98-a649b3676d14,http://www.drugbank.ca/drugs/DB08827
http://dailymed.nlm.nih.gov/dailymed/drugInfo.cfm?setid=1e484a50-55db-4b85-8c57-6cd1b0353abd,http://www.drugbank.ca/drugs/DB08932
,http://www.drugbank.ca/drugs/DB00032
https://dailymed.nlm.nih.gov/dailymed/search.cfm?labeltype=all&query=methyltestosterone,http://www.drugbank.ca/drugs/DB06710
http://dailymed.nlm.nih.gov/dailymed/lookup.cfm?setid=542f3fae-8bc8-4f00-9228-e4b66c9ad6a9,http://www.drugbank.ca/drugs/DB00834
https://dailymed.nlm.nih.gov/dailymed/search.cfm?labeltype=all&query=misoprostol,http://www.drugbank.ca/drugs/DB00929
http://dailymed.nlm.nih.gov/dailymed/lookup.cfm?setid=d0aa57cb-d2f4-46d7-af43-7c8b06aa81a6,http://www.drugbank.ca/drugs/DB00666
https://dailymed.nlm.nih.gov/dailymed/search.cfm?labeltype=all&query=oxytocin,http://www.drugbank.ca/drugs/DB00107
https://dailymed.nlm.nih.gov/dailymed/search.cfm?labeltype=all&query=pamidronate,http://www.drugbank.ca/drugs/DB00282
https://dailymed.nlm.nih.gov/dailymed/search.cfm?labeltype=all&query=paroxetine,http://www.drugbank.ca/drugs/DB00715
https://dailymed.nlm.nih.gov/dailymed/search.cfm?labeltype=all&query=pasireotide,http://www.drugbank.ca/drugs/DB06663
http://dailymed.nlm.nih.gov/dailymed/lookup.cfm?setid=6052c707-a8a3-43a7-80c2-7ad1ad9391a4,
https://dailymed.nlm.nih.gov/dailymed/archives/index.cfm?query=peginesatide&date=,http://www.drugbank.ca/drugs/DB08894
http://dailymed.nlm.nih.gov/dailymed/lookup.cfm?setid=a56b1b78-0ae2-41b4-9c76-98ad9d439199,http://www.drugbank.ca/drugs/DB06809
https://dailymed.nlm.nih.gov/dailymed/search.cfm?labeltype=all&query=ribavirin,http://www.drugbank.ca/drugs/DB00811
http://dailymed.nlm.nih.gov/dailymed/drugInfo.cfm?setid=7b57509a-3d5d-41d4-8fed-1471e26372a3,http://www.drugbank.ca/drugs/DB08931
https://dailymed.nlm.nih.gov/dailymed/search.cfm?labeltype=all&query=telavancin,http://www.drugbank.ca/drugs/DB06402
http://dailymed.nlm.nih.gov/dailymed/search.cfm?labeltype=all&query=temazepam,http://www.drugbank.ca/drugs/DB00231
https://dailymed.nlm.nih.gov/dailymed/search.cfm?labeltype=all&query=testosterone,http://www.drugbank.ca/drugs/DB00624
https://dailymed.nlm.nih.gov/dailymed/search.cfm?labeltype=all&query=topiramate,http://www.drugbank.ca/drugs/DB00273
https://dailymed.nlm.nih.gov/dailymed/search.cfm?labeltype=all&query=tretinoin,http://www.drugbank.ca/drugs/DB00755
http://dailymed.nlm.nih.gov/dailymed/lookup.cfm?setid=6e3f9f23-1fd4-4e14-8fd8-4a67263df99c,
http://dailymed.nlm.nih.gov/dailymed/search.cfm?startswith=valproate&x=0&y=0; http://dailymed.nlm.nih.gov/dailymed/search.cfm?startswith=valproic+acid&x=0&y=0,http://www.drugbank.ca/drugs/DB00313
http://dailymed.nlm.nih.gov/dailymed/search.cfm?startswith=vigabatrin&x=0&y=0,http://www.drugbank.ca/drugs/DB01080
https://dailymed.nlm.nih.gov/dailymed/search.cfm?labeltype=all&query=voriconazole,http://www.drugbank.ca/drugs/DB00582
https://dailymed.nlm.nih.gov/dailymed/search.cfm?labeltype=all&query=warfarin,http://www.drugbank.ca/drugs/DB00682
https://dailymed.nlm.nih.gov/dailymed/search.cfm?labeltype=all&query=ziprasidone,http://www.drugbank.ca/drugs/DB00246
https://dailymed.nlm.nih.gov/dailymed/search.cfm?labeltype=all&query=zoledronic+acid,http://www.drugbank.ca/drugs/DB00399
https://dailymed.nlm.nih.gov/dailymed/search.cfm?labeltype=all&query=zonisamide,http://www.drugbank.ca/drugs/DB00909